<?xml version="1.0" encoding="UTF-8"?>
<project version="4">
  <component name="ChangeListManager">
    <list default="true" id="b7da8a94-e878-484e-9a04-ce5a574761c4" name="Default" comment="">
      <change type="MODIFICATION" beforePath="$PROJECT_DIR$/digg.zip" afterPath="$PROJECT_DIR$/digg.zip" />
      <change type="MODIFICATION" beforePath="$PROJECT_DIR$/digg.json" afterPath="$PROJECT_DIR$/digg.json" />
      <change type="MODIFICATION" beforePath="$PROJECT_DIR$/version.log" afterPath="$PROJECT_DIR$/version.log" />
    </list>
    <ignored path="componentDigg.iws" />
    <ignored path=".idea/workspace.xml" />
    <ignored path="$PROJECT_DIR$/out/" />
    <ignored path=".idea/dataSources.local.xml" />
    <ignored path=".idea/.name" />
    <ignored path="componentDigg.iml" />
    <ignored path=".idea/modules.xml" />
    <ignored path=".idea/misc.xml" />
    <ignored path=".idea/vcs.xml" />
    <ignored path=".idea/encodings.xml" />
    <ignored path=".idea/scopes/scope_settings.xml" />
    <ignored path=".idea/copyright/profiles_settings.xml" />
    <ignored path=".idea/compiler.xml" />
    <ignored path=".idea/libraries/componentDigg_node_modules.xml" />
    <ignored path=".idea/deployment.xml" />
    <ignored path=".idea/jsLibraryMappings.xml" />
    <ignored path=".idea/libraries/libs.xml" />
    <option name="EXCLUDED_CONVERTED_TO_IGNORED" value="true" />
    <option name="TRACKING_ENABLED" value="true" />
    <option name="SHOW_DIALOG" value="false" />
    <option name="HIGHLIGHT_CONFLICTS" value="true" />
    <option name="HIGHLIGHT_NON_ACTIVE_CHANGELIST" value="false" />
    <option name="LAST_RESOLUTION" value="IGNORE" />
  </component>
  <component name="ChangesViewManager" flattened_view="true" show_ignored="false" />
  <component name="CreatePatchCommitExecutor">
    <option name="PATCH_PATH" value="" />
  </component>
  <component name="ExecutionTargetManager" SELECTED_TARGET="default_target" />
  <component name="FavoritesManager">
    <favorites_list name="componentDigg" />
  </component>
  <component name="FileEditorManager">
    <leaf>
      <file leaf-file-name="digg.json" pinned="false" current-in-tab="false">
        <entry file="file://$PROJECT_DIR$/digg.json">
          <provider selected="true" editor-type-id="text-editor">
            <state vertical-scroll-proportion="0.0">
              <caret line="2" column="15" selection-start-line="2" selection-start-column="15" selection-end-line="2" selection-end-column="15" />
              <folding />
            </state>
          </provider>
        </entry>
      </file>
      <file leaf-file-name="As3JsBridge.js" pinned="false" current-in-tab="false">
        <entry file="file://$PROJECT_DIR$/bridge/As3JsBridge.js">
          <provider selected="true" editor-type-id="text-editor">
            <state vertical-scroll-proportion="0.0">
              <caret line="3" column="0" selection-start-line="3" selection-start-column="0" selection-end-line="3" selection-end-column="0" />
              <folding />
            </state>
          </provider>
        </entry>
      </file>
      <file leaf-file-name="package.json" pinned="false" current-in-tab="false">
        <entry file="file://$PROJECT_DIR$/package.json">
          <provider selected="true" editor-type-id="text-editor">
            <state vertical-scroll-proportion="0.0">
              <caret line="4" column="12" selection-start-line="4" selection-start-column="12" selection-end-line="4" selection-end-column="12" />
              <folding />
            </state>
          </provider>
        </entry>
      </file>
      <file leaf-file-name="README.md" pinned="false" current-in-tab="false">
        <entry file="file://$PROJECT_DIR$/README.md">
          <provider selected="true" editor-type-id="text-editor">
            <state vertical-scroll-proportion="0.0">
              <caret line="80" column="23" selection-start-line="80" selection-start-column="23" selection-end-line="80" selection-end-column="23" />
              <folding />
            </state>
          </provider>
          <provider editor-type-id="MarkdownPreviewEditor">
            <state />
          </provider>
        </entry>
      </file>
      <file leaf-file-name="gulpfile.js" pinned="false" current-in-tab="false">
        <entry file="file://$PROJECT_DIR$/gulpfile.js">
          <provider selected="true" editor-type-id="text-editor">
            <state vertical-scroll-proportion="0.0">
              <caret line="15" column="47" selection-start-line="15" selection-start-column="43" selection-end-line="15" selection-end-column="47" />
              <folding />
            </state>
          </provider>
        </entry>
      </file>
      <file leaf-file-name="DiggPlayerView.js" pinned="false" current-in-tab="true">
        <entry file="file://$PROJECT_DIR$/js/views/DiggPlayerView.js">
          <provider selected="true" editor-type-id="text-editor">
            <state vertical-scroll-proportion="0.31858408">
              <caret line="38" column="34" selection-start-line="38" selection-start-column="34" selection-end-line="38" selection-end-column="34" />
              <folding />
            </state>
          </provider>
        </entry>
      </file>
      <file leaf-file-name="playerLoad.js" pinned="false" current-in-tab="false">
        <entry file="file://$PROJECT_DIR$/utils/playerLoad.js">
          <provider selected="true" editor-type-id="text-editor">
            <state vertical-scroll-proportion="0.0">
              <caret line="17" column="16" selection-start-line="17" selection-start-column="16" selection-end-line="17" selection-end-column="16" />
              <folding />
            </state>
          </provider>
        </entry>
      </file>
      <file leaf-file-name="Consts.js" pinned="false" current-in-tab="false">
        <entry file="file://$PROJECT_DIR$/js/Consts.js">
          <provider selected="true" editor-type-id="text-editor">
            <state vertical-scroll-proportion="0.0">
              <caret line="18" column="29" selection-start-line="18" selection-start-column="29" selection-end-line="18" selection-end-column="29" />
              <folding />
            </state>
          </provider>
        </entry>
      </file>
      <file leaf-file-name="page.html" pinned="false" current-in-tab="false">
        <entry file="file://$PROJECT_DIR$/page.html">
          <provider selected="true" editor-type-id="text-editor">
            <state vertical-scroll-proportion="0.0">
              <caret line="22" column="35" selection-start-line="22" selection-start-column="30" selection-end-line="22" selection-end-column="35" />
              <folding />
            </state>
          </provider>
        </entry>
      </file>
      <file leaf-file-name="studioApp.js" pinned="false" current-in-tab="false">
        <entry file="file://$PROJECT_DIR$/js/studioApp.js">
          <provider selected="true" editor-type-id="text-editor">
            <state vertical-scroll-proportion="0.0">
              <caret line="10" column="0" selection-start-line="10" selection-start-column="0" selection-end-line="10" selection-end-column="0" />
              <folding />
            </state>
          </provider>
        </entry>
      </file>
      <file leaf-file-name="playerApp.js" pinned="false" current-in-tab="false">
        <entry file="file://$PROJECT_DIR$/js/playerApp.js">
          <provider selected="true" editor-type-id="text-editor">
            <state vertical-scroll-proportion="0.0">
              <caret line="31" column="0" selection-start-line="31" selection-start-column="0" selection-end-line="31" selection-end-column="0" />
              <folding />
            </state>
          </provider>
        </entry>
      </file>
      <file leaf-file-name="LoadingView.js" pinned="false" current-in-tab="false">
        <entry file="file://$PROJECT_DIR$/js/views/LoadingView.js">
          <provider selected="true" editor-type-id="text-editor">
            <state vertical-scroll-proportion="0.0">
              <caret line="16" column="31" selection-start-line="16" selection-start-column="31" selection-end-line="16" selection-end-column="31" />
              <folding />
            </state>
          </provider>
        </entry>
      </file>
      <file leaf-file-name="DiggCollection.js" pinned="false" current-in-tab="false">
        <entry file="file://$PROJECT_DIR$/js/collections/DiggCollection.js">
          <provider selected="true" editor-type-id="text-editor">
            <state vertical-scroll-proportion="0.0">
              <caret line="4" column="15" selection-start-line="4" selection-start-column="15" selection-end-line="4" selection-end-column="15" />
              <folding />
            </state>
          </provider>
        </entry>
      </file>
      <file leaf-file-name="DiggArticle.html" pinned="false" current-in-tab="false">
        <entry file="file://$PROJECT_DIR$/js/templates/DiggArticle.html">
          <provider selected="true" editor-type-id="text-editor">
            <state vertical-scroll-proportion="0.0">
              <caret line="4" column="12" selection-start-line="4" selection-start-column="12" selection-end-line="4" selection-end-column="12" />
              <folding />
            </state>
          </provider>
        </entry>
      </file>
      <file leaf-file-name="version.log" pinned="false" current-in-tab="false">
        <entry file="file://$PROJECT_DIR$/version.log">
          <provider selected="true" editor-type-id="text-editor">
            <state vertical-scroll-proportion="0.0">
              <caret line="0" column="3" selection-start-line="0" selection-start-column="3" selection-end-line="0" selection-end-column="3" />
              <folding />
            </state>
          </provider>
        </entry>
      </file>
    </leaf>
  </component>
  <component name="Git.Settings">
    <option name="RECENT_GIT_ROOT_PATH" value="$PROJECT_DIR$" />
  </component>
  <component name="IdeDocumentHistory">
    <option name="CHANGED_PATHS">
      <list>
        <option value="$PROJECT_DIR$/init.js" />
        <option value="$PROJECT_DIR$/js/Consts.js" />
        <option value="$PROJECT_DIR$/bridge/NodeWebkitBridge.js" />
        <option value="$PROJECT_DIR$/utils/errCatch.js" />
        <option value="$PROJECT_DIR$/index.html" />
        <option value="$PROJECT_DIR$/js/common/catchall/catchall.js" />
        <option value="$PROJECT_DIR$/js/libs/Lib.js" />
        <option value="$PROJECT_DIR$/package.json" />
        <option value="$PROJECT_DIR$/page.css" />
        <option value="$PROJECT_DIR$/js/templates/DiggArticle.html" />
        <option value="$PROJECT_DIR$/page.html" />
        <option value="$PROJECT_DIR$/utils/playerLoad.js" />
        <option value="$PROJECT_DIR$/js/studioApp.js" />
        <option value="$PROJECT_DIR$/js/playerApp.js" />
        <option value="$PROJECT_DIR$/../common/bridge/As3JsBridge.js" />
        <option value="$PROJECT_DIR$/version.log" />
        <option value="$PROJECT_DIR$/README.md" />
        <option value="$PROJECT_DIR$/js/collections/DiggCollection.js" />
        <option value="$PROJECT_DIR$/bridge/As3JsBridge.js" />
        <option value="$PROJECT_DIR$/gulpfile.js" />
        <option value="$PROJECT_DIR$/digg.json" />
        <option value="$PROJECT_DIR$/js/views/DiggPlayerView.js" />
      </list>
    </option>
  </component>
  <component name="JsBuildToolGruntFileManager" detection-done="true" />
  <component name="JsGulpfileManager">
    <detection-done>true</detection-done>
    <gulpfiles>
      <GulpfileState>
        <gulpfile-path>$PROJECT_DIR$/gulpfile.js</gulpfile-path>
        <tasks>
          <GulpTaskState>
            <task-name>release</task-name>
          </GulpTaskState>
          <GulpTaskState>
            <task-name>watchFile</task-name>
          </GulpTaskState>
          <GulpTaskState>
            <task-name>cpLocalStudio</task-name>
          </GulpTaskState>
          <GulpTaskState>
            <task-name>zip</task-name>
          </GulpTaskState>
          <GulpTaskState>
            <task-name>changeVersion</task-name>
          </GulpTaskState>
          <GulpTaskState>
            <task-name>debugOn</task-name>
          </GulpTaskState>
          <GulpTaskState>
            <task-name>debugOff</task-name>
          </GulpTaskState>
          <GulpTaskState>
            <task-name>clearStudioCache</task-name>
          </GulpTaskState>
          <GulpTaskState>
            <task-name>rsync</task-name>
          </GulpTaskState>
          <GulpTaskState>
            <task-name>commonRsync</task-name>
          </GulpTaskState>
        </tasks>
      </GulpfileState>
    </gulpfiles>
  </component>
  <component name="NamedScopeManager">
    <order />
  </component>
  <component name="ProjectFrameBounds">
    <option name="x" value="128" />
    <option name="y" value="-8" />
    <option name="width" value="1800" />
    <option name="height" value="1084" />
  </component>
  <component name="ProjectLevelVcsManager" settingsEditedManually="true">
    <OptionsSetting value="true" id="Add" />
    <OptionsSetting value="true" id="Remove" />
    <OptionsSetting value="true" id="Checkout" />
    <OptionsSetting value="true" id="Update" />
    <OptionsSetting value="true" id="Status" />
    <OptionsSetting value="true" id="Edit" />
    <ConfirmationsSetting value="0" id="Add" />
    <ConfirmationsSetting value="0" id="Remove" />
  </component>
  <component name="ProjectView">
    <navigator proportions="" version="1">
      <flattenPackages />
      <showMembers />
      <showModules />
      <showLibraryContents />
      <hideEmptyPackages />
      <abbreviatePackageNames />
      <autoscrollToSource />
      <autoscrollFromSource />
      <sortByType />
    </navigator>
    <panes />
  </component>
  <component name="PropertiesComponent">
    <property name="GoToClass.includeLibraries" value="false" />
    <property name="GoToClass.toSaveIncludeLibraries" value="false" />
    <property name="GoToFile.includeJavaFiles" value="false" />
    <property name="MemberChooser.sorted" value="false" />
    <property name="MemberChooser.showClasses" value="true" />
    <property name="MemberChooser.copyJavadoc" value="false" />
    <property name="WebServerToolWindowFactoryState" value="true" />
    <property name="FullScreen" value="false" />
    <property name="recentsLimit" value="5" />
    <property name="last_opened_file_path" value="$PROJECT_DIR$/../componentSample" />
    <property name="restartRequiresConfirmation" value="false" />
    <property name="options.lastSelected" value="JavaScript.Libraries" />
    <property name="options.splitter.main.proportions" value="0.3" />
    <property name="options.splitter.details.proportions" value="0.2" />
    <property name="editorconfig.notification" value="Applied .editorconfig settings" />
    <property name="settings.editor.selected.configurable" value="vcs.Git" />
    <property name="settings.editor.splitter.proportion" value="0.2" />
  </component>
  <component name="RecentsManager">
    <key name="CopyFile.RECENT_KEYS">
      <recent name="C:\msweb\componentDigg\js\common\colorpicker" />
      <recent name="C:\msweb\componentDigg\js\common" />
      <recent name="C:\msweb\componentDigg\assets" />
    </key>
  </component>
  <component name="RunManager" selected="NW.js.Debug">
    <configuration default="true" type="Applet" factoryName="Applet">
      <module />
      <option name="HTML_USED" value="false" />
      <option name="WIDTH" value="400" />
      <option name="HEIGHT" value="300" />
      <option name="POLICY_FILE" value="$APPLICATION_HOME_DIR$/bin/appletviewer.policy" />
      <option name="ALTERNATIVE_JRE_PATH_ENABLED" value="false" />
      <method />
    </configuration>
    <configuration default="true" type="Application" factoryName="Application">
      <extension name="coverage" enabled="false" merge="false" sample_coverage="true" runner="idea" />
      <option name="MAIN_CLASS_NAME" />
      <option name="VM_PARAMETERS" />
      <option name="PROGRAM_PARAMETERS" />
      <option name="WORKING_DIRECTORY" value="$PROJECT_DIR$" />
      <option name="ALTERNATIVE_JRE_PATH_ENABLED" value="false" />
      <option name="ALTERNATIVE_JRE_PATH" />
      <option name="ENABLE_SWING_INSPECTOR" value="false" />
      <option name="ENV_VARIABLES" />
      <option name="PASS_PARENT_ENVS" value="true" />
      <module name="" />
      <envs />
      <method />
    </configuration>
    <configuration default="true" type="JarApplication" factoryName="JAR Application">
      <extension name="coverage" enabled="false" merge="false" sample_coverage="true" runner="idea" />
      <envs />
      <method />
    </configuration>
    <configuration default="true" type="JavascriptDebugType" factoryName="JavaScript Debug">
      <method />
    </configuration>
    <configuration default="true" type="NodeJSConfigurationType" factoryName="Node.js" working-dir="">
      <method />
    </configuration>
    <configuration default="true" type="NodeWebKit" factoryName="NW.js">
      <method />
    </configuration>
    <configuration default="true" type="Remote" factoryName="Remote">
      <option name="USE_SOCKET_TRANSPORT" value="true" />
      <option name="SERVER_MODE" value="false" />
      <option name="SHMEM_ADDRESS" value="javadebug" />
      <option name="HOST" value="localhost" />
      <option name="PORT" value="5005" />
      <method />
    </configuration>
    <configuration default="true" type="js.build_tools.gulp" factoryName="Gulp.js">
      <node-options />
      <gulpfile />
      <tasks />
      <arguments />
      <pass-parent-envs>true</pass-parent-envs>
      <envs />
      <method />
    </configuration>
    <configuration default="false" name="Debug" type="NodeWebKit" factoryName="NW.js" exePath="$PROJECT_DIR$/nw.exe" inputPath="$PROJECT_DIR$" programParameters="1234 8555">
      <method />
    </configuration>
    <list size="1">
      <item index="0" class="java.lang.String" itemvalue="NW.js.Debug" />
    </list>
    <configuration default="true" type="NodeWebKit" factoryName="Node-webkit" exePath="$PROJECT_DIR$/nw.exe" inputPath="$PROJECT_DIR$" programParameters="1234">
      <option name="name" value="" />
      <method />
    </configuration>
    <configuration name="&lt;template&gt;" type="JUnit" default="true" selected="false">
      <option name="MAIN_CLASS_NAME" />
      <option name="VM_PARAMETERS" value="-ea" />
      <option name="PARAMETERS" />
      <option name="WORKING_DIRECTORY" value="$MODULE_DIR$" />
    </configuration>
    <configuration name="&lt;template&gt;" type="TestNG" default="true" selected="false">
      <option name="MAIN_CLASS_NAME" />
      <option name="VM_PARAMETERS" value="-ea" />
      <option name="PARAMETERS" />
      <option name="WORKING_DIRECTORY" value="$PROJECT_DIR$" />
    </configuration>
    <configuration name="&lt;template&gt;" type="#org.jetbrains.idea.devkit.run.PluginConfigurationType" default="true" selected="false">
      <option name="VM_PARAMETERS" value="-Xmx512m -Xms256m -XX:MaxPermSize=250m -ea" />
    </configuration>
    <configuration default="false" name="Debug" type="NodeWebKit" factoryName="Node-webkit" exePath="$PROJECT_DIR$/nw.exe" inputPath="$PROJECT_DIR$" programParameters="1234 8555">
      <option name="name" value="Debug" />
      <RunnerSettings RunnerId="debuggableProgram" />
      <ConfigurationWrapper RunnerId="debuggableProgram" />
      <method />
    </configuration>
  </component>
  <component name="ShelveChangesManager" show_recycled="false" />
  <component name="TaskManager">
    <task active="true" id="Default" summary="Default task">
      <changelist id="b7da8a94-e878-484e-9a04-ce5a574761c4" name="Default" comment="" />
      <created>1426638193651</created>
      <option name="number" value="Default" />
      <updated>1426638193651</updated>
      <workItem from="1430239186242" duration="4282000" />
      <workItem from="1430320063336" duration="344000" />
      <workItem from="1430327562797" duration="1224000" />
      <workItem from="1430345803654" duration="6261000" />
      <workItem from="1430366266246" duration="515000" />
      <workItem from="1430366884127" duration="1099000" />
      <workItem from="1430406939658" duration="147000" />
    </task>
    <task id="LOCAL-00001" summary="init">
      <created>1426643274459</created>
      <option name="number" value="00001" />
      <option name="project" value="LOCAL" />
      <updated>1426643274459</updated>
    </task>
    <task id="LOCAL-00002" summary="init">
      <created>1426697289628</created>
      <option name="number" value="00002" />
      <option name="project" value="LOCAL" />
      <updated>1426697289628</updated>
    </task>
    <task id="LOCAL-00003" summary="init">
      <created>1426697334528</created>
      <option name="number" value="00003" />
      <option name="project" value="LOCAL" />
      <updated>1426697334528</updated>
    </task>
    <task id="LOCAL-00004" summary="init">
      <created>1426697522962</created>
      <option name="number" value="00004" />
      <option name="project" value="LOCAL" />
      <updated>1426697522962</updated>
    </task>
    <task id="LOCAL-00005" summary="init">
      <created>1426697599666</created>
      <option name="number" value="00005" />
      <option name="project" value="LOCAL" />
      <updated>1426697599666</updated>
    </task>
    <task id="LOCAL-00006" summary="init">
      <created>1426697767385</created>
      <option name="number" value="00006" />
      <option name="project" value="LOCAL" />
      <updated>1426697767385</updated>
    </task>
    <task id="LOCAL-00007" summary="clean node_modules">
      <created>1426710382134</created>
      <option name="number" value="00007" />
      <option name="project" value="LOCAL" />
      <updated>1426710382134</updated>
    </task>
    <task id="LOCAL-00008" summary="added color selector">
      <created>1426878039007</created>
      <option name="number" value="00008" />
      <option name="project" value="LOCAL" />
      <updated>1426878039007</updated>
    </task>
    <task id="LOCAL-00009" summary="ext libs and sync util">
      <created>1427049363637</created>
      <option name="number" value="00009" />
      <option name="project" value="LOCAL" />
      <updated>1427049363637</updated>
    </task>
    <task id="LOCAL-00010" summary="added default scroll speed">
      <created>1427136188068</created>
      <option name="number" value="00010" />
      <option name="project" value="LOCAL" />
      <updated>1427136188068</updated>
    </task>
    <task id="LOCAL-00011" summary="milestone 1">
      <created>1427139078468</created>
      <option name="number" value="00011" />
      <option name="project" value="LOCAL" />
      <updated>1427139078468</updated>
    </task>
    <task id="LOCAL-00012" summary="read me">
      <created>1427226812194</created>
      <option name="number" value="00012" />
      <option name="project" value="LOCAL" />
      <updated>1427226812194</updated>
    </task>
    <task id="LOCAL-00013" summary="read me">
      <created>1427310629548</created>
      <option name="number" value="00013" />
      <option name="project" value="LOCAL" />
      <updated>1427310629548</updated>
    </task>
    <task id="LOCAL-00014" summary="fixed android symc">
      <created>1427415188511</created>
      <option name="number" value="00014" />
      <option name="project" value="LOCAL" />
      <updated>1427415188511</updated>
    </task>
    <task id="LOCAL-00015" summary="fixed android symc">
      <created>1427426081064</created>
      <option name="number" value="00015" />
      <option name="project" value="LOCAL" />
      <updated>1427426081064</updated>
    </task>
    <task id="LOCAL-00016" summary="fixed fast loading on windows">
      <created>1427479542479</created>
      <option name="number" value="00016" />
      <option name="project" value="LOCAL" />
      <updated>1427479542479</updated>
    </task>
    <task id="LOCAL-00017" summary="fixed fast loading on windows">
      <created>1427479832658</created>
      <option name="number" value="00017" />
      <option name="project" value="LOCAL" />
      <updated>1427479832658</updated>
    </task>
    <task id="LOCAL-00018" summary="fixed fast loading on windows">
      <created>1427480886042</created>
      <option name="number" value="00018" />
      <option name="project" value="LOCAL" />
      <updated>1427480886042</updated>
    </task>
    <task id="LOCAL-00019" summary="fixed fast loading on windows">
      <created>1427492756665</created>
      <option name="number" value="00019" />
      <option name="project" value="LOCAL" />
      <updated>1427492756665</updated>
    </task>
    <task id="LOCAL-00020" summary="fixed fast loading on windows">
      <created>1427492816950</created>
      <option name="number" value="00020" />
      <option name="project" value="LOCAL" />
      <updated>1427492816950</updated>
    </task>
    <task id="LOCAL-00021" summary="fixed fast loading on windows">
      <created>1427763442983</created>
      <option name="number" value="00021" />
      <option name="project" value="LOCAL" />
      <updated>1427763442983</updated>
    </task>
    <task id="LOCAL-00022" summary="fixed fast loading on windows">
      <created>1427822100578</created>
      <option name="number" value="00022" />
      <option name="project" value="LOCAL" />
      <updated>1427822100578</updated>
    </task>
    <task id="LOCAL-00023" summary="fix offline">
      <created>1430366703129</created>
      <option name="number" value="00023" />
      <option name="project" value="LOCAL" />
      <updated>1430366703129</updated>
    </task>
    <task id="LOCAL-00024" summary="fix offline">
      <created>1430367863125</created>
      <option name="number" value="00024" />
      <option name="project" value="LOCAL" />
      <updated>1430367863125</updated>
    </task>
    <option name="localTasksCounter" value="25" />
    <servers />
  </component>
  <component name="TimeTrackingManager">
    <option name="totallyTimeSpent" value="13872000" />
  </component>
  <component name="ToolWindowManager">
    <frame x="128" y="-8" width="1800" height="1084" extended-state="0" />
    <editor active="false" />
    <layout>
      <window_info id="TODO" active="false" anchor="bottom" auto_hide="false" internal_type="DOCKED" type="DOCKED" visible="false" weight="0.22044729" sideWeight="0.48295784" order="5" side_tool="true" content_ui="tabs" />
      <window_info id="Palette&#9;" active="false" anchor="right" auto_hide="false" internal_type="DOCKED" type="DOCKED" visible="false" weight="0.33" sideWeight="0.5" order="11" side_tool="false" content_ui="tabs" />
      <window_info id="Event Log" active="false" anchor="bottom" auto_hide="false" internal_type="DOCKED" type="DOCKED" visible="false" weight="0.20362474" sideWeight="0.5274408" order="10" side_tool="true" content_ui="tabs" />
      <window_info id="Application Servers" active="false" anchor="bottom" auto_hide="false" internal_type="DOCKED" type="DOCKED" visible="false" weight="0.33" sideWeight="0.5" order="13" side_tool="false" content_ui="tabs" />
      <window_info id="Version Control" active="false" anchor="bottom" auto_hide="false" internal_type="DOCKED" type="DOCKED" visible="true" weight="0.26860842" sideWeight="0.5855379" order="11" side_tool="false" content_ui="tabs" />
      <window_info id="Terminal" active="false" anchor="bottom" auto_hide="false" internal_type="DOCKED" type="DOCKED" visible="false" weight="0.23535676" sideWeight="0.5" order="15" side_tool="false" content_ui="tabs" />
      <window_info id="Gulp" active="true" anchor="left" auto_hide="false" internal_type="DOCKED" type="DOCKED" visible="true" weight="0.18045977" sideWeight="0.5187166" order="3" side_tool="true" content_ui="tabs" />
      <window_info id="Remote Host" active="false" anchor="right" auto_hide="false" internal_type="DOCKED" type="DOCKED" visible="false" weight="0.32871172" sideWeight="0.8575949" order="7" side_tool="false" content_ui="tabs" />
      <window_info id="Designer" active="false" anchor="left" auto_hide="false" internal_type="DOCKED" type="DOCKED" visible="false" weight="0.33" sideWeight="0.5" order="2" side_tool="false" content_ui="tabs" />
      <window_info id="Project" active="false" anchor="left" auto_hide="false" internal_type="DOCKED" type="DOCKED" visible="false" weight="0.17873563" sideWeight="0.48128343" order="0" side_tool="false" content_ui="combo" />
      <window_info id="Structure" active="false" anchor="left" auto_hide="false" internal_type="DOCKED" type="DOCKED" visible="false" weight="0.16364606" sideWeight="0.56989247" order="1" side_tool="true" content_ui="tabs" />
      <window_info id="Notes" active="false" anchor="bottom" auto_hide="false" internal_type="DOCKED" type="DOCKED" visible="false" weight="0.2739872" sideWeight="0.5" order="17" side_tool="false" content_ui="tabs" />
      <window_info id="Favorites" active="false" anchor="right" auto_hide="false" internal_type="DOCKED" type="DOCKED" visible="false" weight="0.07183908" sideWeight="0.6008316" order="10" side_tool="false" content_ui="tabs" x="943" y="119" width="482" height="1006" />
      <window_info id="Cvs" active="false" anchor="bottom" auto_hide="false" internal_type="DOCKED" type="DOCKED" visible="false" weight="0.25" sideWeight="0.5" order="3" side_tool="false" content_ui="tabs" />
      <window_info id="Palette" active="false" anchor="right" auto_hide="false" internal_type="DOCKED" type="DOCKED" visible="false" weight="0.33" sideWeight="0.5" order="4" side_tool="false" content_ui="tabs" />
      <window_info id="Message" active="false" anchor="bottom" auto_hide="false" internal_type="DOCKED" type="DOCKED" visible="false" weight="0.33" sideWeight="0.5" order="0" side_tool="false" content_ui="tabs" />
      <window_info id="IDEtalk" active="false" anchor="right" auto_hide="false" internal_type="DOCKED" type="DOCKED" visible="false" weight="0.32937685" sideWeight="0.48884165" order="8" side_tool="false" content_ui="tabs" />
      <window_info id="Commander" active="false" anchor="right" auto_hide="false" internal_type="SLIDING" type="SLIDING" visible="false" weight="0.4" sideWeight="0.5" order="0" side_tool="false" content_ui="tabs" />
      <window_info id="Maven Projects" active="false" anchor="right" auto_hide="false" internal_type="DOCKED" type="DOCKED" visible="false" weight="0.13317756" sideWeight="0.83351123" order="3" side_tool="false" content_ui="tabs" />
      <window_info id="CDI" active="false" anchor="right" auto_hide="false" internal_type="DOCKED" type="DOCKED" visible="false" weight="0.33" sideWeight="0.5" order="9" side_tool="false" content_ui="tabs" />
      <window_info id="Hierarchy" active="false" anchor="right" auto_hide="false" internal_type="DOCKED" type="DOCKED" visible="false" weight="0.24925816" sideWeight="0.60359406" order="1" side_tool="false" content_ui="combo" />
      <window_info id="Database" active="false" anchor="right" auto_hide="false" internal_type="DOCKED" type="DOCKED" visible="false" weight="0.32986712" sideWeight="0.5" order="6" side_tool="false" content_ui="tabs" />
      <window_info id="Ant Build" active="false" anchor="right" auto_hide="false" internal_type="DOCKED" type="DOCKED" visible="false" weight="0.25" sideWeight="0.54781705" order="2" side_tool="false" content_ui="tabs" />
      <window_info id="Debug" active="false" anchor="bottom" auto_hide="false" internal_type="DOCKED" type="DOCKED" visible="false" weight="0.25266525" sideWeight="0.85243976" order="6" side_tool="false" content_ui="tabs" x="653" y="489" width="744" height="284" />
      <window_info id="Changes" active="false" anchor="bottom" auto_hide="false" internal_type="DOCKED" type="DOCKED" visible="false" weight="0.22921109" sideWeight="0.51704216" order="8" side_tool="false" content_ui="tabs" />
      <window_info id="Messages" active="false" anchor="bottom" auto_hide="false" internal_type="DOCKED" type="DOCKED" visible="false" weight="0.32574975" sideWeight="0.49970606" order="12" side_tool="false" content_ui="tabs" />
      <window_info id="Inspection" active="false" anchor="bottom" auto_hide="false" internal_type="DOCKED" type="DOCKED" visible="false" weight="0.4" sideWeight="0.5" order="4" side_tool="false" content_ui="tabs" />
      <window_info id="Command Line Tools Console" active="false" anchor="bottom" auto_hide="false" internal_type="DOCKED" type="DOCKED" visible="false" weight="0.32972974" sideWeight="0.5" order="16" side_tool="true" content_ui="tabs" />
      <window_info id="File Transfer" active="false" anchor="bottom" auto_hide="false" internal_type="DOCKED" type="DOCKED" visible="false" weight="0.19144385" sideWeight="0.4725592" order="7" side_tool="false" content_ui="tabs" />
      <window_info id="REST Client" active="false" anchor="bottom" auto_hide="false" internal_type="DOCKED" type="DOCKED" visible="false" weight="0.3290735" sideWeight="0.5" order="18" side_tool="false" content_ui="tabs" />
      <window_info id="Run" active="false" anchor="bottom" auto_hide="false" internal_type="DOCKED" type="DOCKED" visible="false" weight="0.32085562" sideWeight="0.5" order="2" side_tool="false" content_ui="tabs" />
      <window_info id="JetGradle" active="false" anchor="right" auto_hide="false" internal_type="DOCKED" type="DOCKED" visible="false" weight="0.32943925" sideWeight="0.6280553" order="5" side_tool="false" content_ui="tabs" />
      <window_info id="Problems" active="false" anchor="bottom" auto_hide="false" internal_type="DOCKED" type="DOCKED" visible="false" weight="0.32834226" sideWeight="0.5" order="14" side_tool="false" content_ui="tabs" />
      <window_info id="IDEtalk Messages" active="false" anchor="bottom" auto_hide="false" internal_type="DOCKED" type="DOCKED" visible="false" weight="0.33" sideWeight="0.5" order="9" side_tool="false" content_ui="tabs" />
      <window_info id="Find" active="false" anchor="bottom" auto_hide="false" internal_type="DOCKED" type="DOCKED" visible="false" weight="0.2185501" sideWeight="0.49970326" order="1" side_tool="false" content_ui="tabs" />
    </layout>
    <layout-to-restore>
      <window_info id="Cvs" active="false" anchor="bottom" auto_hide="false" internal_type="DOCKED" type="DOCKED" visible="false" weight="0.25" sideWeight="0.5" order="3" side_tool="false" content_ui="tabs" />
      <window_info id="Palette" active="false" anchor="right" auto_hide="false" internal_type="DOCKED" type="DOCKED" visible="false" weight="0.33" sideWeight="0.5" order="4" side_tool="false" content_ui="tabs" />
      <window_info id="Message" active="false" anchor="bottom" auto_hide="false" internal_type="DOCKED" type="DOCKED" visible="false" weight="0.33" sideWeight="0.5" order="0" side_tool="false" content_ui="tabs" />
      <window_info id="IDEtalk" active="false" anchor="right" auto_hide="false" internal_type="DOCKED" type="DOCKED" visible="false" weight="0.32937685" sideWeight="0.48884165" order="8" side_tool="false" content_ui="tabs" />
      <window_info id="Commander" active="false" anchor="right" auto_hide="false" internal_type="SLIDING" type="SLIDING" visible="false" weight="0.4" sideWeight="0.5" order="0" side_tool="false" content_ui="tabs" />
      <window_info id="Event Log" active="false" anchor="bottom" auto_hide="false" internal_type="DOCKED" type="DOCKED" visible="false" weight="0.20362474" sideWeight="0.5274408" order="10" side_tool="true" content_ui="tabs" />
      <window_info id="Application Servers" active="false" anchor="bottom" auto_hide="false" internal_type="DOCKED" type="DOCKED" visible="false" weight="0.33" sideWeight="0.5" order="13" side_tool="false" content_ui="tabs" />
      <window_info id="Maven Projects" active="false" anchor="right" auto_hide="false" internal_type="DOCKED" type="DOCKED" visible="false" weight="0.13317756" sideWeight="0.83351123" order="3" side_tool="false" content_ui="tabs" />
      <window_info id="CDI" active="false" anchor="right" auto_hide="false" internal_type="DOCKED" type="DOCKED" visible="false" weight="0.33" sideWeight="0.5" order="9" side_tool="false" content_ui="tabs" />
      <window_info id="Remote Host" active="false" anchor="right" auto_hide="false" internal_type="DOCKED" type="DOCKED" visible="false" weight="0.32871172" sideWeight="0.8575949" order="7" side_tool="false" content_ui="tabs" />
      <window_info id="Designer" active="false" anchor="left" auto_hide="false" internal_type="DOCKED" type="DOCKED" visible="false" weight="0.33" sideWeight="0.5" order="2" side_tool="false" content_ui="tabs" />
      <window_info id="Hierarchy" active="false" anchor="right" auto_hide="false" internal_type="DOCKED" type="DOCKED" visible="false" weight="0.24925816" sideWeight="0.60359406" order="1" side_tool="false" content_ui="combo" />
      <window_info id="Database" active="false" anchor="right" auto_hide="false" internal_type="DOCKED" type="DOCKED" visible="false" weight="0.32986712" sideWeight="0.5" order="6" side_tool="false" content_ui="tabs" />
      <window_info id="Structure" active="false" anchor="left" auto_hide="false" internal_type="DOCKED" type="DOCKED" visible="false" weight="0.16364606" sideWeight="0.56989247" order="1" side_tool="true" content_ui="tabs" />
      <window_info id="Ant Build" active="false" anchor="right" auto_hide="false" internal_type="DOCKED" type="DOCKED" visible="false" weight="0.25" sideWeight="0.54781705" order="2" side_tool="false" content_ui="tabs" />
      <window_info id="Notes" active="false" anchor="bottom" auto_hide="false" internal_type="DOCKED" type="DOCKED" visible="false" weight="0.2739872" sideWeight="0.5" order="17" side_tool="false" content_ui="tabs" />
      <window_info id="Debug" active="false" anchor="bottom" auto_hide="false" internal_type="DOCKED" type="DOCKED" visible="false" weight="0.25266525" sideWeight="0.85243976" order="6" side_tool="false" content_ui="tabs" x="653" y="489" width="744" height="284" />
      <window_info id="Changes" active="false" anchor="bottom" auto_hide="false" internal_type="DOCKED" type="DOCKED" visible="false" weight="0.22921109" sideWeight="0.51704216" order="8" side_tool="false" content_ui="tabs" />
      <window_info id="TODO" active="false" anchor="bottom" auto_hide="false" internal_type="DOCKED" type="DOCKED" visible="false" weight="0.22044729" sideWeight="0.48295784" order="5" side_tool="true" content_ui="tabs" />
      <window_info id="Messages" active="false" anchor="bottom" auto_hide="false" internal_type="DOCKED" type="DOCKED" visible="false" weight="0.32574975" sideWeight="0.49970606" order="12" side_tool="false" content_ui="tabs" />
      <window_info id="Palette&#9;" active="false" anchor="right" auto_hide="false" internal_type="DOCKED" type="DOCKED" visible="false" weight="0.33" sideWeight="0.5" order="11" side_tool="false" content_ui="tabs" />
      <window_info id="Inspection" active="false" anchor="bottom" auto_hide="false" internal_type="DOCKED" type="DOCKED" visible="false" weight="0.4" sideWeight="0.5" order="4" side_tool="false" content_ui="tabs" />
      <window_info id="Command Line Tools Console" active="false" anchor="bottom" auto_hide="false" internal_type="DOCKED" type="DOCKED" visible="false" weight="0.32972974" sideWeight="0.5" order="16" side_tool="true" content_ui="tabs" />
      <window_info id="File Transfer" active="false" anchor="bottom" auto_hide="false" internal_type="DOCKED" type="DOCKED" visible="false" weight="0.19144385" sideWeight="0.4725592" order="7" side_tool="false" content_ui="tabs" />
      <window_info id="REST Client" active="false" anchor="bottom" auto_hide="false" internal_type="DOCKED" type="DOCKED" visible="false" weight="0.3290735" sideWeight="0.5" order="18" side_tool="false" content_ui="tabs" />
      <window_info id="Version Control" active="false" anchor="bottom" auto_hide="false" internal_type="DOCKED" type="DOCKED" visible="false" weight="0.27050054" sideWeight="0.5855379" order="11" side_tool="false" content_ui="tabs" />
      <window_info id="Run" active="false" anchor="bottom" auto_hide="false" internal_type="DOCKED" type="DOCKED" visible="true" weight="0.32085562" sideWeight="0.5" order="2" side_tool="false" content_ui="tabs" />
      <window_info id="Terminal" active="false" anchor="bottom" auto_hide="false" internal_type="DOCKED" type="DOCKED" visible="false" weight="0.23535676" sideWeight="0.5" order="15" side_tool="false" content_ui="tabs" />
      <window_info id="JetGradle" active="false" anchor="right" auto_hide="false" internal_type="DOCKED" type="DOCKED" visible="false" weight="0.32943925" sideWeight="0.6280553" order="5" side_tool="false" content_ui="tabs" />
      <window_info id="Gulp" active="false" anchor="left" auto_hide="false" internal_type="DOCKED" type="DOCKED" visible="true" weight="0.17873563" sideWeight="0.52125984" order="3" side_tool="true" content_ui="tabs" />
      <window_info id="Project" active="false" anchor="left" auto_hide="false" internal_type="DOCKED" type="DOCKED" visible="true" weight="0.17873563" sideWeight="0.47874016" order="0" side_tool="false" content_ui="combo" />
      <window_info id="Problems" active="false" anchor="bottom" auto_hide="false" internal_type="DOCKED" type="DOCKED" visible="false" weight="0.32834226" sideWeight="0.5" order="14" side_tool="false" content_ui="tabs" />
      <window_info id="IDEtalk Messages" active="false" anchor="bottom" auto_hide="false" internal_type="DOCKED" type="DOCKED" visible="false" weight="0.33" sideWeight="0.5" order="9" side_tool="false" content_ui="tabs" />
      <window_info id="Find" active="false" anchor="bottom" auto_hide="false" internal_type="DOCKED" type="DOCKED" visible="false" weight="0.2185501" sideWeight="0.49970326" order="1" side_tool="false" content_ui="tabs" />
      <window_info id="Favorites" active="false" anchor="right" auto_hide="false" internal_type="DOCKED" type="DOCKED" visible="false" weight="0.07183908" sideWeight="0.6008316" order="10" side_tool="false" content_ui="tabs" x="943" y="119" width="482" height="1006" />
    </layout-to-restore>
  </component>
  <component name="Vcs.Log.UiProperties">
    <option name="RECENTLY_FILTERED_USER_GROUPS">
      <collection />
    </option>
    <option name="RECENTLY_FILTERED_BRANCH_GROUPS">
      <collection />
    </option>
  </component>
  <component name="VcsContentAnnotationSettings">
    <option name="myLimit" value="2678400000" />
  </component>
  <component name="VcsManagerConfiguration">
    <option name="CHECK_CODE_SMELLS_BEFORE_PROJECT_COMMIT" value="false" />
    <option name="CHECK_NEW_TODO" value="false" />
    <MESSAGE value="init" />
    <MESSAGE value="clean node_modules" />
    <MESSAGE value="added color selector" />
    <MESSAGE value="ext libs and sync util" />
    <MESSAGE value="added default scroll speed" />
    <MESSAGE value="milestone 1" />
    <MESSAGE value="read me" />
    <MESSAGE value="fixed android symc" />
    <MESSAGE value="fixed fast loading on windows" />
    <MESSAGE value="fix offline" />
    <option name="LAST_COMMIT_MESSAGE" value="fix offline" />
  </component>
  <component name="XDebuggerManager">
    <breakpoint-manager>
      <breakpoints>
        <line-breakpoint enabled="true" type="javascript">
          <url>file://$PROJECT_DIR$/js/collections/DiggCollection.js</url>
          <line>30</line>
          <option name="timeStamp" value="66" />
        </line-breakpoint>
        <line-breakpoint enabled="true" type="javascript">
          <url>file://$PROJECT_DIR$/js/collections/DiggCollection.js</url>
          <line>27</line>
          <option name="timeStamp" value="67" />
        </line-breakpoint>
        <line-breakpoint enabled="true" type="javascript">
          <url>file://$PROJECT_DIR$/js/views/DiggPlayerView.js</url>
          <line>70</line>
          <option name="timeStamp" value="68" />
        </line-breakpoint>
        <line-breakpoint enabled="true" type="javascript">
          <url>file://$PROJECT_DIR$/utils/playerLoad.js</url>
          <line>14</line>
          <option name="timeStamp" value="73" />
        </line-breakpoint>
        <line-breakpoint enabled="true" type="javascript">
          <url>file://$PROJECT_DIR$/utils/playerLoad.js</url>
          <line>20</line>
          <option name="timeStamp" value="74" />
        </line-breakpoint>
      </breakpoints>
      <option name="time" value="76" />
    </breakpoint-manager>
    <watches-manager />
  </component>
  <component name="editorHistoryManager">
    <entry file="file://$PROJECT_DIR$/digg.json">
      <provider selected="true" editor-type-id="text-editor">
        <state vertical-scroll-proportion="0.0">
          <caret line="3" column="22" selection-start-line="3" selection-start-column="22" selection-end-line="3" selection-end-column="22" />
        </state>
      </provider>
    </entry>
    <entry file="file://$PROJECT_DIR$/js/views/LoadingView.js">
      <provider selected="true" editor-type-id="text-editor">
        <state vertical-scroll-proportion="0.0">
          <caret line="0" column="0" selection-start-line="0" selection-start-column="0" selection-end-line="0" selection-end-column="0" />
        </state>
      </provider>
    </entry>
    <entry file="file://$PROJECT_DIR$/js/views/DiggPlayerView.js">
      <provider selected="true" editor-type-id="text-editor">
        <state vertical-scroll-proportion="0.0">
          <caret line="122" column="28" selection-start-line="122" selection-start-column="28" selection-end-line="122" selection-end-column="28" />
          <folding />
        </state>
      </provider>
    </entry>
    <entry file="file://$PROJECT_DIR$/index.html">
      <provider selected="true" editor-type-id="text-editor">
        <state vertical-scroll-proportion="0.0">
          <caret line="0" column="0" selection-start-line="0" selection-start-column="0" selection-end-line="0" selection-end-column="0" />
        </state>
      </provider>
    </entry>
    <entry file="file://$PROJECT_DIR$/gulpfile.js">
      <provider selected="true" editor-type-id="text-editor">
        <state vertical-scroll-proportion="0.0">
          <caret line="17" column="34" selection-start-line="17" selection-start-column="34" selection-end-line="17" selection-end-column="34" />
        </state>
      </provider>
    </entry>
    <entry file="file://$PROJECT_DIR$/digg.json">
      <provider selected="true" editor-type-id="text-editor">
        <state vertical-scroll-proportion="0.0">
          <caret line="3" column="22" selection-start-line="3" selection-start-column="22" selection-end-line="3" selection-end-column="22" />
        </state>
      </provider>
    </entry>
    <entry file="file://$PROJECT_DIR$/js/views/LoadingView.js">
      <provider selected="true" editor-type-id="text-editor">
        <state vertical-scroll-proportion="0.0">
          <caret line="0" column="0" selection-start-line="0" selection-start-column="0" selection-end-line="0" selection-end-column="0" />
        </state>
      </provider>
    </entry>
    <entry file="file://$PROJECT_DIR$/js/views/DiggPlayerView.js">
      <provider selected="true" editor-type-id="text-editor">
        <state vertical-scroll-proportion="0.0">
          <caret line="0" column="0" selection-start-line="0" selection-start-column="0" selection-end-line="0" selection-end-column="0" />
          <folding />
        </state>
      </provider>
    </entry>
    <entry file="file://$PROJECT_DIR$/gulpfile.js">
      <provider selected="true" editor-type-id="text-editor">
        <state vertical-scroll-proportion="0.0">
          <caret line="17" column="34" selection-start-line="17" selection-start-column="34" selection-end-line="17" selection-end-column="34" />
        </state>
      </provider>
    </entry>
    <entry file="file://$PROJECT_DIR$/digg.json">
      <provider selected="true" editor-type-id="text-editor">
        <state vertical-scroll-proportion="0.0">
          <caret line="3" column="22" selection-start-line="3" selection-start-column="22" selection-end-line="3" selection-end-column="22" />
        </state>
      </provider>
    </entry>
    <entry file="file://$PROJECT_DIR$/js/views/LoadingView.js">
      <provider selected="true" editor-type-id="text-editor">
        <state vertical-scroll-proportion="0.0">
          <caret line="0" column="0" selection-start-line="0" selection-start-column="0" selection-end-line="0" selection-end-column="0" />
        </state>
      </provider>
    </entry>
    <entry file="file://$PROJECT_DIR$/js/views/DiggPlayerView.js">
      <provider selected="true" editor-type-id="text-editor">
        <state vertical-scroll-proportion="0.0">
          <caret line="0" column="0" selection-start-line="0" selection-start-column="0" selection-end-line="0" selection-end-column="0" />
          <folding />
        </state>
      </provider>
    </entry>
    <entry file="file://$PROJECT_DIR$/gulpfile.js">
      <provider selected="true" editor-type-id="text-editor">
        <state vertical-scroll-proportion="0.0">
          <caret line="17" column="34" selection-start-line="17" selection-start-column="34" selection-end-line="17" selection-end-column="34" />
        </state>
      </provider>
    </entry>
    <entry file="file://$PROJECT_DIR$/digg.json">
      <provider selected="true" editor-type-id="text-editor">
        <state vertical-scroll-proportion="0.0">
          <caret line="3" column="22" selection-start-line="3" selection-start-column="22" selection-end-line="3" selection-end-column="22" />
        </state>
      </provider>
    </entry>
    <entry file="file://$PROJECT_DIR$/js/views/LoadingView.js">
      <provider selected="true" editor-type-id="text-editor">
        <state vertical-scroll-proportion="0.0">
          <caret line="0" column="0" selection-start-line="0" selection-start-column="0" selection-end-line="0" selection-end-column="0" />
        </state>
      </provider>
    </entry>
    <entry file="file://$PROJECT_DIR$/js/views/DiggPlayerView.js">
      <provider selected="true" editor-type-id="text-editor">
        <state vertical-scroll-proportion="0.0">
          <caret line="0" column="0" selection-start-line="0" selection-start-column="0" selection-end-line="0" selection-end-column="0" />
          <folding />
        </state>
      </provider>
    </entry>
    <entry file="file://$PROJECT_DIR$/archive/package_original.json">
      <provider selected="true" editor-type-id="text-editor">
        <state vertical-scroll-proportion="0.0">
          <caret line="0" column="0" selection-start-line="0" selection-start-column="0" selection-end-line="0" selection-end-column="0" />
        </state>
      </provider>
    </entry>
    <entry file="file://$PROJECT_DIR$/archive/page_original.html">
      <provider selected="true" editor-type-id="text-editor">
        <state vertical-scroll-proportion="0.0">
          <caret line="0" column="0" selection-start-line="0" selection-start-column="0" selection-end-line="0" selection-end-column="0" />
        </state>
      </provider>
    </entry>
    <entry file="file://$PROJECT_DIR$/js/common/colorpicker/jquery.colorPicker.js">
      <provider selected="true" editor-type-id="text-editor">
        <state vertical-scroll-proportion="0.0">
          <caret line="47" column="9" selection-start-line="47" selection-start-column="9" selection-end-line="47" selection-end-column="9" />
        </state>
      </provider>
    </entry>
    <entry file="file://$PROJECT_DIR$/js/Elements.js">
      <provider selected="true" editor-type-id="text-editor">
        <state vertical-scroll-proportion="0.0">
          <caret line="3" column="13" selection-start-line="3" selection-start-column="13" selection-end-line="3" selection-end-column="13" />
        </state>
      </provider>
    </entry>
    <entry file="file://$PROJECT_DIR$/archive/index.original.html">
      <provider selected="true" editor-type-id="text-editor">
        <state vertical-scroll-proportion="0.0">
          <caret line="295" column="0" selection-start-line="295" selection-start-column="0" selection-end-line="295" selection-end-column="0" />
        </state>
      </provider>
    </entry>
    <entry file="file://$PROJECT_DIR$/js/common/colorpicker/jquery.colorPicker.min.js">
      <provider selected="true" editor-type-id="text-editor">
        <state vertical-scroll-proportion="0.0">
          <caret line="0" column="0" selection-start-line="0" selection-start-column="0" selection-end-line="0" selection-end-column="0" />
        </state>
      </provider>
    </entry>
    <entry file="file://$PROJECT_DIR$/utils/jquery.easytabs.js">
      <provider selected="true" editor-type-id="text-editor">
        <state vertical-scroll-proportion="0.0">
          <caret line="0" column="0" selection-start-line="0" selection-start-column="0" selection-end-line="0" selection-end-column="0" />
        </state>
      </provider>
    </entry>
    <entry file="file://$PROJECT_DIR$/css/style.css">
      <provider selected="true" editor-type-id="text-editor">
        <state vertical-scroll-proportion="0.0">
          <caret line="28" column="18" selection-start-line="28" selection-start-column="18" selection-end-line="28" selection-end-column="18" />
        </state>
      </provider>
    </entry>
    <entry file="file://$PROJECT_DIR$/bridge/HtmlBridge.js">
      <provider selected="true" editor-type-id="text-editor">
        <state vertical-scroll-proportion="0.0">
          <caret line="0" column="0" selection-start-line="0" selection-start-column="0" selection-end-line="0" selection-end-column="0" />
        </state>
      </provider>
    </entry>
    <entry file="file://$PROJECT_DIR$/js/common/catchall/catchall.js">
      <provider selected="true" editor-type-id="text-editor">
        <state vertical-scroll-proportion="0.0">
          <caret line="11" column="8" selection-start-line="11" selection-start-column="8" selection-end-line="11" selection-end-column="8" />
        </state>
      </provider>
    </entry>
    <entry file="file://$PROJECT_DIR$/js/libs/Lib.js">
      <provider selected="true" editor-type-id="text-editor">
        <state vertical-scroll-proportion="0.0">
          <caret line="27" column="27" selection-start-line="27" selection-start-column="27" selection-end-line="27" selection-end-column="27" />
        </state>
      </provider>
    </entry>
    <entry file="file://$PROJECT_DIR$/page.css">
      <provider selected="true" editor-type-id="text-editor">
        <state vertical-scroll-proportion="0.16733068">
          <caret line="7" column="20" selection-start-line="7" selection-start-column="1" selection-end-line="7" selection-end-column="1" />
        </state>
      </provider>
    </entry>
    <entry file="file://$PROJECT_DIR$/index.html">
      <provider selected="true" editor-type-id="text-editor">
        <state vertical-scroll-proportion="-9.333333">
          <caret line="17" column="27" selection-start-line="17" selection-start-column="23" selection-end-line="17" selection-end-column="27" />
        </state>
      </provider>
    </entry>
    <entry file="file://$PROJECT_DIR$/../common/bridge/HtmlBridge.js">
      <provider selected="true" editor-type-id="text-editor">
        <state vertical-scroll-proportion="0.0">
          <caret line="0" column="9" selection-start-line="0" selection-start-column="9" selection-end-line="0" selection-end-column="9" />
        </state>
      </provider>
    </entry>
    <entry file="file://$PROJECT_DIR$/../common/bridge/As3JsBridge.js">
      <provider selected="true" editor-type-id="text-editor">
        <state vertical-scroll-proportion="0.0">
          <caret line="7" column="0" selection-start-line="7" selection-start-column="0" selection-end-line="7" selection-end-column="0" />
        </state>
      </provider>
    </entry>
    <entry file="file://$PROJECT_DIR$/init.js">
      <provider selected="true" editor-type-id="text-editor">
        <state vertical-scroll-proportion="0.0">
          <caret line="11" column="45" selection-start-line="11" selection-start-column="37" selection-end-line="11" selection-end-column="45" />
        </state>
      </provider>
    </entry>
    <entry file="file://$PROJECT_DIR$/node_modules/browser-sync/node_modules/browser-sync-ui/node_modules/weinre/web/client/UglifyJS/process.js">
      <provider selected="true" editor-type-id="text-editor">
        <state vertical-scroll-proportion="0.0">
          <caret line="7" column="55" selection-start-line="7" selection-start-column="55" selection-end-line="7" selection-end-column="55" />
        </state>
      </provider>
    </entry>
    <entry file="file://$PROJECT_DIR$/bridge/NodeWebkitBridge.js">
      <provider selected="true" editor-type-id="text-editor">
        <state vertical-scroll-proportion="0.23027718">
          <caret line="12" column="15" selection-start-line="12" selection-start-column="15" selection-end-line="12" selection-end-column="15" />
        </state>
      </provider>
    </entry>
    <entry file="file://$PROJECT_DIR$/utils/errCatch.js">
      <provider selected="true" editor-type-id="text-editor">
        <state vertical-scroll-proportion="0.19189766">
          <caret line="10" column="30" selection-start-line="10" selection-start-column="5" selection-end-line="10" selection-end-column="5" />
        </state>
      </provider>
    </entry>
    <entry file="file://$PROJECT_DIR$/version.log">
      <provider selected="true" editor-type-id="text-editor">
        <state vertical-scroll-proportion="0.0">
          <caret line="0" column="3" selection-start-line="0" selection-start-column="3" selection-end-line="0" selection-end-column="3" />
          <folding />
        </state>
      </provider>
    </entry>
    <entry file="file://$PROJECT_DIR$/js/templates/DiggArticle.html">
      <provider selected="true" editor-type-id="text-editor">
        <state vertical-scroll-proportion="0.0">
          <caret line="4" column="12" selection-start-line="4" selection-start-column="12" selection-end-line="4" selection-end-column="12" />
          <folding />
        </state>
      </provider>
    </entry>
    <entry file="file://$PROJECT_DIR$/js/studioApp.js">
      <provider selected="true" editor-type-id="text-editor">
        <state vertical-scroll-proportion="0.0">
          <caret line="10" column="0" selection-start-line="10" selection-start-column="0" selection-end-line="10" selection-end-column="0" />
          <folding />
        </state>
      </provider>
    </entry>
    <entry file="file://$PROJECT_DIR$/page.html">
      <provider selected="true" editor-type-id="text-editor">
        <state vertical-scroll-proportion="0.0">
          <caret line="22" column="35" selection-start-line="22" selection-start-column="30" selection-end-line="22" selection-end-column="35" />
          <folding />
        </state>
      </provider>
    </entry>
    <entry file="file://$PROJECT_DIR$/../common/_js/backbone-viewkit/test/vendor/jquery.js">
      <provider selected="true" editor-type-id="text-editor">
        <state vertical-scroll-proportion="0.33333334">
          <caret line="2834" column="8" selection-start-line="2834" selection-start-column="8" selection-end-line="2834" selection-end-column="8" />
        </state>
      </provider>
    </entry>
    <entry file="file://$PROJECT_DIR$/js/views/LoadingView.js">
      <provider selected="true" editor-type-id="text-editor">
        <state vertical-scroll-proportion="0.0">
          <caret line="16" column="31" selection-start-line="16" selection-start-column="31" selection-end-line="16" selection-end-column="31" />
          <folding />
        </state>
      </provider>
    </entry>
    <entry file="file://$PROJECT_DIR$/js/playerApp.js">
      <provider selected="true" editor-type-id="text-editor">
        <state vertical-scroll-proportion="0.0">
          <caret line="31" column="0" selection-start-line="31" selection-start-column="0" selection-end-line="31" selection-end-column="0" />
          <folding />
        </state>
      </provider>
    </entry>
    <entry file="file://$PROJECT_DIR$/js/Consts.js">
      <provider selected="true" editor-type-id="text-editor">
        <state vertical-scroll-proportion="0.0">
          <caret line="18" column="29" selection-start-line="18" selection-start-column="29" selection-end-line="18" selection-end-column="29" />
          <folding />
        </state>
      </provider>
    </entry>
    <entry file="file://$PROJECT_DIR$/utils/playerLoad.js">
      <provider selected="true" editor-type-id="text-editor">
        <state vertical-scroll-proportion="0.0">
          <caret line="17" column="16" selection-start-line="17" selection-start-column="16" selection-end-line="17" selection-end-column="16" />
          <folding />
        </state>
      </provider>
    </entry>
    <entry file="file://$PROJECT_DIR$/package.json">
      <provider selected="true" editor-type-id="text-editor">
        <state vertical-scroll-proportion="0.0">
          <caret line="4" column="12" selection-start-line="4" selection-start-column="12" selection-end-line="4" selection-end-column="12" />
          <folding />
        </state>
      </provider>
    </entry>
    <entry file="file://$PROJECT_DIR$/README.md">
      <provider selected="true" editor-type-id="text-editor">
        <state vertical-scroll-proportion="0.0">
          <caret line="80" column="23" selection-start-line="80" selection-start-column="23" selection-end-line="80" selection-end-column="23" />
          <folding />
        </state>
      </provider>
      <provider editor-type-id="MarkdownPreviewEditor">
        <state />
      </provider>
    </entry>
    <entry file="file://$PROJECT_DIR$/bridge/As3JsBridge.js">
      <provider selected="true" editor-type-id="text-editor">
        <state vertical-scroll-proportion="0.0">
          <caret line="3" column="0" selection-start-line="3" selection-start-column="0" selection-end-line="3" selection-end-column="0" />
          <folding />
        </state>
      </provider>
    </entry>
    <entry file="file://$PROJECT_DIR$/gulpfile.js">
      <provider selected="true" editor-type-id="text-editor">
        <state vertical-scroll-proportion="0.0">
          <caret line="15" column="47" selection-start-line="15" selection-start-column="43" selection-end-line="15" selection-end-column="47" />
          <folding />
        </state>
      </provider>
    </entry>
    <entry file="file://$PROJECT_DIR$/js/collections/DiggCollection.js">
      <provider selected="true" editor-type-id="text-editor">
        <state vertical-scroll-proportion="0.0">
          <caret line="4" column="15" selection-start-line="4" selection-start-column="15" selection-end-line="4" selection-end-column="15" />
          <folding />
        </state>
      </provider>
    </entry>
    <entry file="file://$PROJECT_DIR$/digg.json">
      <provider selected="true" editor-type-id="text-editor">
        <state vertical-scroll-proportion="0.0">
          <caret line="2" column="15" selection-start-line="2" selection-start-column="15" selection-end-line="2" selection-end-column="15" />
          <folding />
        </state>
      </provider>
    </entry>
    <entry file="file://$PROJECT_DIR$/js/views/DiggPlayerView.js">
      <provider selected="true" editor-type-id="text-editor">
        <state vertical-scroll-proportion="0.31858408">
          <caret line="38" column="34" selection-start-line="38" selection-start-column="34" selection-end-line="38" selection-end-column="34" />
          <folding />
        </state>
      </provider>
    </entry>
  </component>
</project>